content_id	language	head	subhead	content
01a7d373-b97a-336c-f318-43518eff51c8	en	Nova Kakhovka Dam Collapse	Widespread Flooding in Southern Ukraine	In early June 2023, the Nova Kakhovka dam in southern Ukraine was unexpectedly destroyed, unleashing catastrophic flooding across areas already suffering from the impacts of ongoing conflict. Local officials estimate that thousands of people were forced to flee their homes along the Dnipro River, as entire neighborhoods were submerged and critical infrastructure severely damaged.<ParagTitle>International observers immediately raised concerns about the environmental consequences of the disaster. Contaminants from industrial zones and farmland may have seeped into the river, jeopardizing the region’s water supply and ecosystem. Aid organizations scrambled to deliver essential supplies such as food, bottled water, and medical assistance to the displaced population.<ParagTitle>Both Ukrainian and Russian authorities exchanged accusations over responsibility for the dam’s destruction. Experts stress that, beyond the immediate humanitarian crisis, this catastrophic event highlights the fragility of critical infrastructure in war-torn regions, where even a single structural failure can have devastating, long-lasting effects on civilian life.
02b7d373-c97b-446c-f318-43518eff51c9	en	Historic Vote Ousts US House Speaker	Kevin McCarthy Removed by Narrow Margin	In a dramatic turn of events on Capitol Hill, the U.S. House of Representatives voted in October 2023 to remove Speaker Kevin McCarthy from his leadership position. The motion passed by a slim margin of 216–210, reflecting deep divisions within the Republican caucus. Proponents of McCarthy’s ouster argued that he had failed to uphold strict conservative principles, particularly regarding government spending and border security.<ParagTitle>The unprecedented vote plunged Congress into turmoil, leaving legislative business at a standstill. Critical bills, including federal budget allocations and foreign aid packages, were suddenly thrown into question. Political analysts warned that the legislative gridlock could intensify partisanship and hamper the government’s ability to address pressing national issues.<ParagTitle>Following the vote, McCarthy briefly addressed reporters, expressing his disappointment but vowing to remain active in public service. A small group of Republicans and most Democrats joined forces to remove him, revealing an extraordinary alliance that underscored the increasingly fractious nature of Washington politics. The House must now seek a new Speaker capable of unifying a sharply divided chamber.
03c7d373-d97c-556c-f318-43518eff51ca	en	India’s Chandrayaan-3 Lunar Triumph	Historic Landing near the Moon’s South Pole	In late August 2023, India achieved a significant milestone in space exploration by successfully landing the Chandrayaan-3 mission near the Moon’s south pole. This marked India as the fourth nation in history—after the United States, Russia, and China—to achieve a soft landing on the lunar surface. The lander and rover were designed to conduct experiments related to lunar mineral composition, thermal properties, and the search for water ice.<ParagTitle>Engineers at the Indian Space Research Organisation (ISRO) celebrated the mission’s pinpoint landing, attributing its success to rigorous testing and lessons learned from earlier attempts. Prime Minister Narendra Modi praised the accomplishment, emphasizing India’s growing expertise in science and technology. The spacecraft quickly began transmitting data back to Earth, offering scientists valuable insights into a region largely unexplored by previous missions.<ParagTitle>Beyond national pride, the successful landing has broader implications for the global scientific community. Researchers hope that studying the lunar south pole, where sunlight and shadow patterns are more extreme, could offer clues about the Moon’s geologic history and the feasibility of future manned outposts. India’s space ambitions also extend to missions targeting Mars, Venus, and beyond, indicating a robust strategic vision for interplanetary exploration.
82b2d2fa-2284-4f66-af3b-1859825b7836	en	WHO Ends COVID-19 Emergency	Global Focus Shifts to Long-Term Management	In mid-2023, the World Health Organization officially declared an end to the global COVID-19 public health emergency, signaling a new phase in the world’s response to the pandemic. While this announcement marked a significant milestone, WHO Director-General Dr. Tedros Adhanom Ghebreyesus emphasized that the virus still poses serious risks, especially to vulnerable populations. Many countries continued to maintain vaccination programs, testing sites, and surveillance measures to prevent resurgences.<ParagTitle>Across the globe, healthcare systems began shifting their resources toward managing long-term complications of the disease, commonly referred to as “long COVID.” Physicians have reported a surge in patients experiencing persistent respiratory, neurological, and cardiovascular symptoms, prompting calls for expanded research and specialized care.<ParagTitle>Economists and public health experts also warned that the pandemic’s socioeconomic impacts—such as disrupted supply chains, labor shortages, and mental health challenges—will persist well beyond the emergency phase. Governments are now grappling with how to integrate COVID-19 prevention into everyday healthcare services, a crucial step toward ensuring global preparedness for future outbreaks.
6187fc2b-1f24-4b86-beb6-838534c91021	en	Record-Breaking Global Heatwaves	July 2023 Crowned Hottest Month on Record	Climate scientists have confirmed that July 2023 was the hottest month ever recorded globally, driven by concurrent heatwaves in Europe, North America, and parts of Asia. Sweltering temperatures, in some cases exceeding 45°C, forced governments to issue heat advisories, suspend outdoor work, and open cooling centers for vulnerable populations. In Southern Europe, unprecedented wildfires destroyed vast tracts of forest and farmland, causing major disruptions to tourism and local economies.<ParagTitle>Public health agencies worldwide reported spikes in heat-related illnesses, ranging from dehydration to potentially lethal heatstroke. Infrastructure also faced severe strain, with roads buckling under extreme heat and power grids struggling to meet surging demand for air conditioning. Meteorologists noted that the El Niño phenomenon contributed to the extreme conditions, but pointed out that long-term climate trends remain the primary driver.<ParagTitle>Environmental advocates argue that these simultaneous heat events should be a wake-up call for more urgent climate action, from faster adoption of renewable energy to improved urban planning. Policy discussions at international summits like the G20 and COP gatherings intensified, reflecting a growing consensus that the consequences of inaction threaten both economic stability and public well-being.
227d4d3d-8148-4ed6-8ec0-4455ebc2437e	fr	Réforme des Retraites en France	Grèves Massives et Contestations Sociales	La France a connu une période particulièrement agitée au premier semestre 2023, lorsque le gouvernement a décidé de faire adopter une réforme controversée portant l’âge légal de la retraite de 62 à 64 ans. Des grèves massives ont rapidement éclaté, paralysant les transports publics et affectant divers secteurs comme l’éducation, la santé et l’énergie. Les grandes villes françaises ont été le théâtre de manifestations spectaculaires, réunissant parfois des centaines de milliers de personnes.<ParagTitle>Malgré l’opposition d’une grande partie de la population et l’action déterminée des syndicats, le gouvernement a utilisé une procédure parlementaire spéciale pour faire adopter le texte, évitant ainsi un vote qui semblait incertain. Cette méthode a provoqué de vives critiques, certains y voyant un passage en force contraire à l’esprit démocratique. Le climat social est alors devenu encore plus tendu, alimentant un débat national sur la justice sociale et la place des travailleurs dans la société.<ParagTitle>À la suite de la promulgation de la réforme, certains syndicats ont annoncé leur intention de poursuivre la contestation à travers de nouvelles mobilisations et actions juridiques. Les experts en politiques publiques soulignent toutefois qu’une véritable modernisation du système des retraites exigerait des ajustements plus profonds, prenant en compte les transformations du marché du travail, l’espérance de vie et les inégalités entre les différentes catégories professionnelles.
ecc63b07-9653-4ac5-923d-f609575719e8	fr	Séisme Dévastateur au Maroc	Aide Internationale et Reconstructions	Le Maroc a été frappé en septembre 2023 par un puissant séisme de magnitude 6,8, dont l’épicentre se situait non loin de la région de Marrakech. De nombreux bâtiments, incluant des maisons traditionnelles et des infrastructures publiques, se sont effondrés, causant un grand nombre de victimes et de blessés. Les équipes de secours ont travaillé jour et nuit pour retrouver d’éventuels survivants sous les décombres, aidées par des volontaires et des organismes humanitaires internationaux.<ParagTitle>Le gouvernement marocain a rapidement sollicité l’aide extérieure afin de répondre aux besoins urgents en termes de soins médicaux, de nourriture et de logement temporaire. Des pays voisins, mais aussi des partenaires européens et asiatiques, ont dépêché sur place du matériel de sauvetage, des équipes spécialisées et des financements d’urgence. Malgré la solidarité internationale, l’acheminement de l’aide a été compliqué par l’état de nombreuses routes et la situation géographique de certaines zones rurales.<ParagTitle>Les experts estiment que la reconstruction prendra plusieurs mois, voire des années, notamment dans les régions montagneuses où les maisons traditionnelles nécessitent une rénovation en profondeur pour être adaptées aux risques sismiques. Les autorités marocaines ont promis de revoir les normes de construction et de renforcer les mécanismes de prévention afin de limiter l’ampleur de futures catastrophes naturelles.
2a79d0fe-29a3-4cd5-9ac2-2538f47eaf0f	de	Technische Rezession in Deutschland	BIP Zwei Quartale in Folge Geschrumpft	Deutschland rutschte Ende 2022 und Anfang 2023 in eine sogenannte technische Rezession, nachdem das Bruttoinlandsprodukt zwei Quartale hintereinander einen Rückgang verzeichnete. Die Gründe sind vielfältig: Hohe Energiepreise infolge internationaler Krisen, fragile Lieferketten in vielen Industrien und ein rückläufiger Konsum, da die Verbraucher angesichts steigender Lebenshaltungskosten vorsichtiger wurden.<ParagTitle>Die Bundesregierung kündigte daraufhin ein umfangreiches Konjunktur- und Hilfspaket an, das Unternehmen entlasten und die Kaufkraft der Bürger stabilisieren soll. Kritische Stimmen befürchten jedoch, dass diese Maßnahmen die Staatsverschuldung weiter erhöhen und nur kurzfristige Effekte bringen könnten. Zudem weisen Ökonomen darauf hin, dass strukturelle Reformen, insbesondere im Bereich der Digitalisierung und des Arbeitsmarkts, notwendig sind, um Deutschland langfristig konkurrenzfähig zu halten.<ParagTitle>Die Diskussion über mögliche Wege aus der Rezession dominierte über Wochen die politische Agenda. Während manche eine stärkere Zusammenarbeit auf EU-Ebene forderten, um gemeinsame Krisenstrategien zu entwickeln, plädieren andere für eine konsequentere Umsetzung der Energiewende, um die Abhängigkeit von fossilen Rohstoffen und externen Lieferanten zu reduzieren.
ad700303-5da1-4226-bf4b-5e83b85154c3	de	Ende der Atomkraft in Deutschland	Letzte Drei AKWs vom Netz Genommen	Im April 2023 wurden in Deutschland die letzten drei Atomkraftwerke endgültig abgeschaltet, womit eine über sechzigjährige Epoche der Kernenergienutzung zu Ende ging. Bereits nach der Reaktorkatastrophe im japanischen Fukushima 2011 hatte die Bundesregierung einen umfassenden Atomausstieg beschlossen, der jedoch durch die Energiekrise 2022 kurzzeitig verzögert wurde. Umweltverbände begrüßten das Abschalten der Meiler als einen wichtigen Schritt in Richtung erneuerbarer Energien und nachhaltiger Energiepolitik.<ParagTitle>Kritiker weisen allerdings darauf hin, dass Deutschland nun stärker auf fossile Energieträger und Energieimporte angewiesen ist, was angesichts des Ukraine-Konflikts und schwankender Märkte eine neue Verletzlichkeit schaffen könnte. Auch die Frage nach der Entsorgung des radioaktiven Abfalls bleibt hochbrisant, da ein Endlager für hochradioaktive Stoffe noch nicht vollständig geklärt ist.<ParagTitle>Die Regierung plant, verstärkt in den Ausbau von Wind- und Solarenergie zu investieren und entsprechende Infrastrukturen auszubauen. Dennoch mahnen Experten, dass der Wandel zu einer klimaneutralen Energiewirtschaft ein langer Prozess sei und umfangreiche Investitionen in Stromnetze, Speichertechnologien und Gebäudesanierungen erfordere, um Ausfälle zu vermeiden und die Versorgungssicherheit zu gewährleisten.
f45e5a0c-e365-4097-b5ef-572ebc1ed304	it	Arresto Storico in Sicilia	Matteo Messina Denaro Catturato Dopo Trent’Anni	Nel gennaio 2023, le forze dell’ordine italiane hanno inferto un colpo decisivo a Cosa Nostra con l’arresto di Matteo Messina Denaro, considerato uno dei più pericolosi boss mafiosi ancora in libertà. Messina Denaro era latitante dal 1993, anno in cui si rese irreperibile per sfuggire a numerose condanne legate a omicidi, traffico di droga e attentati di stampo terroristico-mafioso. L’operazione, coordinata dai Carabinieri del ROS, è avvenuta all’interno di una clinica privata di Palermo dove il boss si trovava per sottoporsi a cure mediche.<ParagTitle>Secondo le autorità, l’arresto ha richiesto anni di indagini serrate, intercettazioni e perquisizioni in molteplici località, spesso ostacolate dalla fitta rete di coperture e omertà di cui godeva il boss. La sua cattura è considerata storica non solo perché spezza un simbolo dell’impunità mafiosa, ma anche perché potrebbe permettere di far luce su nuovi intrecci fra la criminalità organizzata e settori deviati delle istituzioni.<ParagTitle>Il governo e la magistratura sperano che dalla sua collaborazione possano emergere dettagli cruciali sui legami tra Cosa Nostra e gli interessi economici che la sostengono. Tuttavia, alcuni esperti invitano alla prudenza, ricordando che la lotta alla mafia è un percorso lungo e complesso, che richiede continui interventi sia repressivi sia culturali, affinché la società civile possa emanciparsi definitivamente dal giogo della criminalità organizzata.
